{"mean_": [52.075301204819276, 3.066265060240964, 2.2771084337349397, 27.88855421686747, 1481.7921686746988, 0.7905271084337349, 1.1975933734939759, 11.0], "scale_": [24.946153907742847, 0.9795225181066581, 0.8651659498456036, 3.0492328217565476, 156.6923032266664, 0.05925904831586054, 0.12608782205967423, 1.0]}