{"mean_": [0.3855421686746988, 52.075301204819276, 3.066265060240964, 2.2771084337349397, 27.88855421686747, 1481.7921686746988, 0.7905271084337349, 1.1975933734939759, 349136.613253012, 794232.1268072289, 523978.7656626506, 345377.406626506, 794918.8885542168, 526950.5421686746, 1318210.8924698795, 1667347.5057228915, 0.20939885730412505, 0.47634264243853236, 0.3142585002573425, 0.7906011426958749, 0.2722947874327867, 1.5166389769191586, 0.7906011426958749, 899.2718629031364, 541.546319449136, 357.7255434540004, 238.48838440018676, 0.0004663231219462686, 1847.8222891566265, 1847.8222891566265, 0.24647489517895507, 1847.8222891566265, 2897.975903614458, 2751.2018072289156, 2326.4246987951806, 2326.4246987951806, 0.31031408547354683, 2326.4246987951806, 2676.2289156626507, 2494.3463855421687, 4174.246987951808, -0.12094477350310512, 0.8018381530348415, 7595.219879518072, 7595.219879518072, 0.17296850173118514, 11376.084337349397, 24939.69578313253, 7595.219879518072, 7235.433734939759, 7235.433734939759, 0.16477497062102336, 10302.460843373494, 26373.10542168675, 7235.433734939759, 14830.653614457831, 0.0301427971495251, 1.084042836910547, 1108.5753012048192, 1108.5753012048192, 0.3952140111247127, 1108.5753012048192, 1472.3222891566265, 224.1024096385542, 1229.7018072289156, 1229.7018072289156, 0.43839636621351713, 1229.7018072289156, 1272.3313253012047, 302.9668674698795, 2338.277108433735, -0.05338873777405605, 0.9079399640143303, 9419.10843373494, 9419.10843373494, 0.5209395737920989, 9419.10843373494, 6540.0722891566265, 1874.8192771084337, 8819.503012048193, 8819.503012048193, 0.48777739129739467, 8819.503012048193, 7632.578313253012, 1583.9186746987953, 18238.61144578313, 0.03369136373665743, 1.0723877436700586, 9832.063253012047, 9832.063253012047, 0.5437787319845168, 9832.063253012047, 3670.7861445783133, 3386.4578313253014, 9937.97891566265, 9937.97891566265, 0.5496365751707677, 9937.97891566265, 3793.1626506024095, 3260.85843373494, 19770.0421686747, -0.007081806280431417, 0.9878884070514936, 2.8555228257889658, 1.2646739730159784, 1.5908488527729876, 10.086688016132738, 5.172075114541223, 4.914612901591514, 1.5930128240296153, 40346.930722891564, 0.10280450873822637, 204.1777108433735], "scale_": [0.48672312955961816, 24.946153907742847, 0.9795225181066581, 0.8651659498456036, 3.0492328217565476, 156.6923032266664, 0.05925904831586054, 0.12608782205967423, 98725.21247401864, 85232.8067171892, 27238.60613518608, 98643.36592114712, 85201.18782885848, 27227.20308954901, 98793.9048941571, 319.8302668223956, 0.05922029020044771, 0.051100171670201915, 0.01632935177078383, 0.05922029020044771, 0.09949363101335539, 0.1510444959305809, 0.05922029020044771, 114.23441351598699, 78.64700419324738, 43.52601962803462, 72.7125783446601, 0.0006069017079515523, 615.0274715067716, 615.0274715067716, 0.08203647745855297, 615.0274715067716, 1068.1780933806874, 1537.4861949413687, 674.8157917265004, 674.8157917265004, 0.09001144347425642, 674.8157917265004, 947.4963849033137, 1435.5725749570668, 1232.4066910926617, 0.10911617666596053, 0.18649446320735474, 4655.835469442673, 4655.835469442673, 0.10602891005540006, 1437.7550896124446, 3850.3366588348817, 4655.835469442673, 4584.142988430883, 4584.142988430883, 0.10439623302659659, 1283.604850067715, 3991.062939050771, 4584.142988430883, 9146.65819235902, 0.09811734001610292, 0.2192851923322304, 203.24391184786455, 203.24391184786455, 0.07245772258390892, 203.24391184786455, 215.4360981701065, 269.01012498341254, 204.93485211449942, 204.93485211449942, 0.07306055333850248, 204.93485211449942, 208.28529405006174, 285.9987606107938, 377.3001525822999, 0.07357240391323475, 0.13481470870489975, 1124.1693346917991, 1124.1693346917991, 0.06217406861853876, 1124.1693346917991, 721.5660267216412, 1160.5601669341302, 1158.732131946545, 1158.732131946545, 0.06408562203122312, 1158.732131946545, 771.7625090486441, 894.2726950012226, 2202.4954746589356, 0.034462018274866835, 0.07459272376468809, 1525.382321887456, 1525.382321887456, 0.0843638251140676, 1525.382321887456, 581.9215101926503, 1753.991328241706, 1307.4037835228673, 1307.4037835228673, 0.07230815682334316, 1307.4037835228673, 537.7227339484751, 1393.0156983979357, 2778.22440447047, 0.03176990063737118, 0.061940878485843204, 0.9129506048180933, 0.44997932157728343, 0.49799396913979166, 6.155985130042597, 3.1498017233737197, 3.0702103970088848, 0.292428786738658, 5113.693369545226, 0.025606378826859212, 119.97894538009074], "feature_names_in_": ["M/F", "Age", "Educ", "SES", "MMSE", "eTIV", "nWBV", "ASF", "csf_vol_mm3", "gm_vol_mm3", "wm_vol_mm3", "csf_voxels", "gm_voxels", "wm_voxels", "brain_parenchyma_vol_mm3", "total_segmented_vol_mm3", "csf_frac", "gm_frac", "wm_frac", "brain_parenchyma_frac", "csf_to_brain_ratio", "gm_wm_ratio", "reconstructed_nwbv", "brain_parenchyma_to_etiv", "gm_to_etiv", "wm_to_etiv", "csf_to_etiv", "nwbv_abs_error", "hippocampus_left_volume_mm3", "hippocampus_left_voxels", "hippocampus_left_tissue_fraction", "hippocampus_left_gm_voxels", "hippocampus_left_wm_voxels", "hippocampus_left_csf_voxels", "hippocampus_right_volume_mm3", "hippocampus_right_voxels", "hippocampus_right_tissue_fraction", "hippocampus_right_gm_voxels", "hippocampus_right_wm_voxels", "hippocampus_right_csf_voxels", "hippocampus_bilateral_volume_mm3", "hippocampus_asymmetry_index", "hippocampus_laterality_ratio", "ventricle_left_volume_mm3", "ventricle_left_voxels", "ventricle_left_tissue_fraction", "ventricle_left_gm_voxels", "ventricle_left_wm_voxels", "ventricle_left_csf_voxels", "ventricle_right_volume_mm3", "ventricle_right_voxels", "ventricle_right_tissue_fraction", "ventricle_right_gm_voxels", "ventricle_right_wm_voxels", "ventricle_right_csf_voxels", "ventricle_bilateral_volume_mm3", "ventricle_asymmetry_index", "ventricle_laterality_ratio", "entorhinal_left_volume_mm3", "entorhinal_left_voxels", "entorhinal_left_tissue_fraction", "entorhinal_left_gm_voxels", "entorhinal_left_wm_voxels", "entorhinal_left_csf_voxels", "entorhinal_right_volume_mm3", "entorhinal_right_voxels", "entorhinal_right_tissue_fraction", "entorhinal_right_gm_voxels", "entorhinal_right_wm_voxels", "entorhinal_right_csf_voxels", "entorhinal_bilateral_volume_mm3", "entorhinal_asymmetry_index", "entorhinal_laterality_ratio", "inferior_temporal_left_volume_mm3", "inferior_temporal_left_voxels", "inferior_temporal_left_tissue_fraction", "inferior_temporal_left_gm_voxels", "inferior_temporal_left_wm_voxels", "inferior_temporal_left_csf_voxels", "inferior_temporal_right_volume_mm3", "inferior_temporal_right_voxels", "inferior_temporal_right_tissue_fraction", "inferior_temporal_right_gm_voxels", "inferior_temporal_right_wm_voxels", "inferior_temporal_right_csf_voxels", "inferior_temporal_bilateral_volume_mm3", "inferior_temporal_asymmetry_index", "inferior_temporal_laterality_ratio", "middle_temporal_left_volume_mm3", "middle_temporal_left_voxels", "middle_temporal_left_tissue_fraction", "middle_temporal_left_gm_voxels", "middle_temporal_left_wm_voxels", "middle_temporal_left_csf_voxels", "middle_temporal_right_volume_mm3", "middle_temporal_right_voxels", "middle_temporal_right_tissue_fraction", "middle_temporal_right_gm_voxels", "middle_temporal_right_wm_voxels", "middle_temporal_right_csf_voxels", "middle_temporal_bilateral_volume_mm3", "middle_temporal_asymmetry_index", "middle_temporal_laterality_ratio", "hippocampus_bilateral_to_etiv", "hippocampus_left_to_etiv", "hippocampus_right_to_etiv", "ventricle_bilateral_to_etiv", "ventricle_left_to_etiv", "ventricle_right_to_etiv", "entorhinal_bilateral_to_etiv", "total_temporal_lobe_volume_mm3", "hippocampus_to_temporal_ratio", "Subject_ID"]}