feature,importance
MMSE,0.48834187
Age,0.15415114
nWBV,0.10800026
M/F,0.070361204
SES,0.06057835
Educ,0.058298662
eTIV,0.044256374
ASF,0.016012136
